<?xml version="1.0"?>
<!--
(c) 2005-2015 Copyright, Real-Time Innovations.  All rights reserved.
No duplications, whole or partial, manual or electronic, may be made
without express written permission.  Any such copies, or revisions thereof,
must display this notice unaltered.
This code contains trade secrets of Real-Time Innovations, Inc.
 -->

<dds xmlns:xsi="http://www.w3.org/2001/XMLSchema-instance"
  xsi:noNamespaceSchemaLocation="http://community.rti.com/schema/5.1.0/rti_dds_profiles.xsd" version="5.1.0">

    <!-- Qos Library -->
	<qos_library name="QosLibrary">

	</qos_library>

    <!-- types -->
    <types>
    <struct name="Temperature_Message">                      <!-- tempreture sensor messages for both of them -->
      <member name="Sensor_Number" type="int32" key="true"/>
      <member name="Actual_Temp" type="int32"/>
    </struct>

    <struct name="Start_Stop_Message">
        <member name="On_Off" type="boolean"  key="true"/>
    </struct>

    <struct name="Camera_Message">
      <member name="Real_Time" stringMaxLength="128" type="string" key="true"/>
    </struct>

    <struct name="Actuator_Message">
      <member name="Actuator_ID" type="int32" key="true"/>
      <member name="status" type="int16"/>               <!-- the status is a number between 0-2 -->
    </struct>
    </types>


    <!-- Domain Library -->
	<!-- this is related to the domain 0 that we set on shape deme-->
    <domain_library name="MyDomainLibrary">
        <domain name="MyDomain" domain_id="0">

            <register_type name="Temperature_Message"  type_ref="Temperature_Message" />
            <topic name="Temperature_topic" register_type_ref="Temperature_Message"/>

            <register_type name="Start_Stop_Message"  type_ref="Start_Stop_Message" />
            <topic name="On_Off_topic" register_type_ref="Start_Stop_Message"/>

            <register_type name="Camera_Message"  type_ref="Camera_Message" />
            <topic name="Camera_topic" register_type_ref="Camera_Message"/>

            <register_type name="Actuator_Message"  type_ref="Actuator_Message" />
            <topic name="Actuator_topic" register_type_ref="Actuator_Message"/>
        </domain>
    </domain_library>


    <!-- Participant library -->
    <domain_participant_library name="MyParticipantLibrary">

       <!-- Publishers -->
        <domain_participant name="Camera_pub" domain_ref="MyDomainLibrary::MyDomain">
            <publisher name="CameraPublisher">
                <data_writer name="CameraWriter" topic_ref="Camera_topic">
                    <datawriter_qos>
                        <reliability>
                            <kind>RELIABLE_RELIABILITY_QOS</kind>
                        </reliability>
                        <durability>
                            <kind>TRANSIENT_LOCAL_DURABILITY_QOS</kind>
                        </durability>
                        <history>
                            <kind>KEEP_LAST_HISTORY_QOS</kind>
                            <depth>10</depth>                        <!-- keep last message -->
	                    </history>
                    </datawriter_qos>
                </data_writer>
            </publisher>
        </domain_participant>

         <domain_participant name="Start_Stop_pub" domain_ref="MyDomainLibrary::MyDomain">
            <publisher name="On_Off_Publisher">
                <data_writer name="Start_Stop_Writer" topic_ref="On_Off_topic">
                    <datawriter_qos>
                        <reliability>
                            <kind>RELIABLE_RELIABILITY_QOS</kind>
                        </reliability>
                        <durability>
                            <kind>TRANSIENT_LOCAL_DURABILITY_QOS</kind>
                        </durability>
                        <history>
                            <kind>KEEP_LAST_HISTORY_QOS</kind>
                            <depth>10</depth>
	                    </history>
                    </datawriter_qos>
                </data_writer>
            </publisher>
        </domain_participant>

        <domain_participant name="Temperature_Pub1" domain_ref="MyDomainLibrary::MyDomain">
            <publisher name="Temp_Publisher1">
                <data_writer name="Temp_Writer1" topic_ref="Temperature_topic">
                    <datawriter_qos>
                        <reliability>
                            <kind>RELIABLE_RELIABILITY_QOS</kind>
                        </reliability>
                        <durability>
                            <kind>TRANSIENT_LOCAL_DURABILITY_QOS</kind>
                        </durability>
                        <history>
                            <kind>KEEP_LAST_HISTORY_QOS</kind>
                            <depth>10</depth>
	                    </history>
                    </datawriter_qos>
                </data_writer>
            </publisher>
        </domain_participant>

         <domain_participant name="Temperature_Pub2" domain_ref="MyDomainLibrary::MyDomain">
            <publisher name="Temp_Publisher2">
                <data_writer name="Temp_Writer2" topic_ref="Temperature_topic">
                    <datawriter_qos>
                        <reliability>
                            <kind>RELIABLE_RELIABILITY_QOS</kind>
                        </reliability>
                        <durability>
                            <kind>TRANSIENT_LOCAL_DURABILITY_QOS</kind>
                        </durability>
                        <history>
                            <kind>KEEP_LAST_HISTORY_QOS</kind>
                            <depth>10</depth>
	                    </history>
                    </datawriter_qos>
                </data_writer>
            </publisher>
        </domain_participant>

             <!-- subscribers -->
        <domain_participant name="DashBoard_sub" domain_ref="MyDomainLibrary::MyDomain">
            <subscriber name="Dash_Sub_Temp1">          <!-- for temperature messages -->
                <data_reader name="Dash_Reader_Temp1" topic_ref="Temperature_topic" >
                    <datareader_qos>
                        <reliability>
                            <kind>RELIABLE_RELIABILITY_QOS</kind>
                        </reliability>
                        <durability>
                            <kind>TRANSIENT_LOCAL_DURABILITY_QOS</kind>
                        </durability>
                        <history>
                            <kind>KEEP_LAST_HISTORY_QOS</kind>
                            <depth>10</depth>
	                    </history>
                    </datareader_qos>
                <filter name="DashBoardFilter1" kind="builtin.sql">
                    <expression> (Sensor_Number=1 and (20>Actual_Temp or Actual_Temp>40))</expression>
                </filter>

                </data_reader>
            </subscriber>

            <subscriber name="Dash_Sub_Temp2">
                <data_reader name="Dash_Reader_Temp2" topic_ref="Temperature_topic" >
                    <datareader_qos>
                        <reliability>
                            <kind>RELIABLE_RELIABILITY_QOS</kind>
                        </reliability>
                        <durability>
                            <kind>TRANSIENT_LOCAL_DURABILITY_QOS</kind>
                        </durability>
                        <history>
                            <kind>KEEP_LAST_HISTORY_QOS</kind>
                            <depth>10</depth>
	                    </history>
                    </datareader_qos>
                <filter name="DashBoardFilter2" kind="builtin.sql">
                    <expression> (Sensor_Number=2 and Actual_Temp>40)</expression>
                </filter>

                </data_reader>
            </subscriber>
         <subscriber name="Dash_Sub_Camera">        <!-- for Camera messages -->
                <data_reader name="Dash_Reader_Camera" topic_ref="Camera_topic" >
                    <datareader_qos>
                        <reliability>
                            <kind>RELIABLE_RELIABILITY_QOS</kind>
                        </reliability>
                        <durability>
                            <kind>TRANSIENT_LOCAL_DURABILITY_QOS</kind>
                        </durability>
                        <history>
                            <kind>KEEP_LAST_HISTORY_QOS</kind>
                            <depth>1</depth>
	                    </history>
                    </datareader_qos>
                </data_reader>
            </subscriber>

            <subscriber name="Dash_Sub_Actuator1">
                <data_reader name="Dash_Reader_Actuator1" topic_ref="Actuator_topic" >
                    <datareader_qos>
                        <reliability>
                            <kind>RELIABLE_RELIABILITY_QOS</kind>
                        </reliability>
                        <durability>
                            <kind>TRANSIENT_LOCAL_DURABILITY_QOS</kind>
                        </durability>
                        <history>
                            <kind>KEEP_LAST_HISTORY_QOS</kind>
                            <depth>10</depth>
	                    </history>
                    </datareader_qos>
                <filter name="DashBoardAct1" kind="builtin.sql">
                    <expression> Actuator_ID=204799670</expression>     <!-- get only the first actuator messages -->
                </filter>

                </data_reader>
            </subscriber>

            <subscriber name="Dash_Sub_Actuator2">
                <data_reader name="Dash_Reader_Actuator2" topic_ref="Actuator_topic" >
                    <datareader_qos>
                        <reliability>
                            <kind>RELIABLE_RELIABILITY_QOS</kind>
                        </reliability>
                        <durability>
                            <kind>TRANSIENT_LOCAL_DURABILITY_QOS</kind>
                        </durability>
                        <history>
                            <kind>KEEP_LAST_HISTORY_QOS</kind>
                            <depth>10</depth>
	                    </history>
                    </datareader_qos>
                <filter name="DashBoardAct2" kind="builtin.sql">
                    <expression> Actuator_ID=314897224</expression>     <!-- get only the second actuator messages -->
                </filter>

                </data_reader>
            </subscriber>
        </domain_participant>

        <!--sub and pub together -->
         <domain_participant name="Actuator1" domain_ref="MyDomainLibrary::MyDomain">
            <publisher name="Actuator1_Publisher">
                <data_writer name="Actuator1_Writer" topic_ref="Actuator_topic">
                    <datawriter_qos>
                        <reliability>
                            <kind>RELIABLE_RELIABILITY_QOS</kind>
                        </reliability>
                        <durability>
                            <kind>TRANSIENT_LOCAL_DURABILITY_QOS</kind>
                        </durability>
                        <history>
                            <kind>KEEP_LAST_HISTORY_QOS</kind>
                            <depth>10</depth>                    <!-- remember only the 10 last messages -->
	                    </history>
                    </datawriter_qos>
                </data_writer>
            </publisher>
            <subscriber name="Actuator1_Subscriber">
                <data_reader name="Actuator1_Reader" topic_ref="Temperature_topic" >
                    <datareader_qos>
                        <reliability>
                            <kind>RELIABLE_RELIABILITY_QOS</kind>
                        </reliability>
                        <durability>
                            <kind>TRANSIENT_LOCAL_DURABILITY_QOS</kind>
                        </durability>
                        <history>
                            <kind>KEEP_LAST_HISTORY_QOS</kind>
                            <depth>1</depth>                     <!-- keep only one message -->
	                    </history>
                    </datareader_qos>
                <filter name="Actuator1_Filter" kind="builtin.sql">
                    <expression> Sensor_Number = 1 </expression>     <!-- get only sensor 1 messages -->
                </filter>
                </data_reader>
            </subscriber>

            <subscriber name="Actuator1_StartStop_Subscriber">
                <data_reader name="Actuator1_StartStop_Reader" topic_ref="On_Off_topic" >
                    <datareader_qos>
                        <reliability>
                            <kind>RELIABLE_RELIABILITY_QOS</kind>
                        </reliability>
                        <durability>
                            <kind>TRANSIENT_LOCAL_DURABILITY_QOS</kind>
                        </durability>
                        <history>
                            <kind>KEEP_LAST_HISTORY_QOS</kind>
                            <depth>1</depth>             <!-- keep only one message -->
	                    </history>
                    </datareader_qos>
                </data_reader>
            </subscriber>
        </domain_participant>

                <domain_participant name="Actuator2" domain_ref="MyDomainLibrary::MyDomain">
            <publisher name="Actuator2_Publisher">
                <data_writer name="Actuator2_Writer" topic_ref="Actuator_topic">
                    <datawriter_qos>
                        <reliability>
                            <kind>RELIABLE_RELIABILITY_QOS</kind>
                        </reliability>
                        <durability>
                            <kind>TRANSIENT_LOCAL_DURABILITY_QOS</kind>
                        </durability>
                        <history>
                            <kind>KEEP_LAST_HISTORY_QOS</kind>
                            <depth>10</depth>
	                    </history>
                    </datawriter_qos>
                </data_writer>
            </publisher>
            <subscriber name="Actuator2_Subscriber">
                <data_reader name="Actuator2_Reader" topic_ref="Temperature_topic" >
                    <datareader_qos>
                        <reliability>
                            <kind>RELIABLE_RELIABILITY_QOS</kind>
                        </reliability>
                        <durability>
                            <kind>TRANSIENT_LOCAL_DURABILITY_QOS</kind>
                        </durability>
                        <history>
                            <kind>KEEP_LAST_HISTORY_QOS</kind>
                            <depth>1</depth>                 <!-- keep last message -->
	                    </history>
                    </datareader_qos>
                <filter name="Actuator2_Filter" kind="builtin.sql">
                    <expression> Sensor_Number = 2 </expression>         <!-- get only sensor 2 messages -->
                </filter>
                </data_reader>
            </subscriber>

            <subscriber name="Actuator2_StartStop_Subscriber">
                <data_reader name="Actuator2_StartStop_Reader" topic_ref="On_Off_topic" >
                    <datareader_qos>
                        <reliability>
                            <kind>RELIABLE_RELIABILITY_QOS</kind>
                        </reliability>
                        <durability>
                            <kind>TRANSIENT_LOCAL_DURABILITY_QOS</kind>
                        </durability>
                        <history>
                            <kind>KEEP_LAST_HISTORY_QOS</kind>
                            <depth>1</depth>
	                    </history>
                    </datareader_qos>
                </data_reader>
            </subscriber>
        </domain_participant>
    </domain_participant_library>
</dds>
